{"cameraMode":{"drawMode":0,"name":"Shaded","section":"Shading Mode"},"sceneLighting":false,"audioPlay":false,"sceneViewState":{"m_AlwaysRefresh":false,"showFog":true,"showSkybox":false,"showFlares":true,"showImageEffects":true,"showParticleSystems":true,"showVisualEffectGraphs":true,"m_FxEnabled":true},"in2DMode":false,"pivot":{"x":-64.3683090209961,"y":2.7684102058410646,"z":0.2853221297264099},"rotation":{"x":-0.34640881419181826,"y":-0.03967570886015892,"z":0.014582674019038678,"w":-0.9373064041137695},"size":1.5492701530456544,"orthographic":false}